{"count":1,"self":23.547255999999997,"total":23.852719,"children":{"InitializeActuators":{"count":1,"self":0.0015739999999999999,"total":0.0015739999999999999,"children":null},"InitializeSensors":{"count":1,"self":0.0010559999999999999,"total":0.0010559999999999999,"children":null},"AgentSendState":{"count":1134,"self":0.004687,"total":0.007639,"children":{"CollectObservations":{"count":227,"self":0.00093299999999999991,"total":0.00093299999999999991,"children":null},"WriteActionMask":{"count":227,"self":0.00050099999999999993,"total":0.00050099999999999993,"children":null},"RequestDecision":{"count":227,"self":0.001518,"total":0.001518,"children":null}}},"DecideAction":{"count":1134,"self":0.004105,"total":0.004105,"children":null},"AgentAct":{"count":1134,"self":0.29056699999999996,"total":0.29056699999999996,"children":null}},"gauges":{},"metadata":{"timer_format_version":"0.1.0","start_time_seconds":"1768514306","unity_version":"6000.2.6f2","command_line_arguments":"\/home\/alexolaru131\/Unity\/Hub\/Editor\/6000.2.6f2\/Editor\/Unity -projectpath \/home\/alexolaru131\/LicentaRL -acceptSoftwareTermsForThisRunOnly -useHub -hubIPC -cloudEnvironment production -licensingIpc LicenseClient-alexolaru131 -hubSessionId 36443dbe-4f9d-4f64-b4a0-b78fb6b3339b -accessToken QbBKgSQ1mC14DerQz7OtR5Tm7fVSFgXHs7nrzoBX89M007f","communication_protocol_version":"1.5.0","com.unity.ml-agents_version":"2.0.2","scene_name":"SampleScene","end_time_seconds":"1768514330"}}